source,target,type,id,,weight
1,2,Directed,1,,0.0436
1,4,Directed,2,,0.0767
1,8,Directed,3,,0.1026
2,4,Directed,4,,0.0515
2,8,Directed,5,,0.0866
3,5,Directed,6,,0.0269
3,8,Directed,7,,0.0843
4,8,Directed,8,,0.0365
4,26,Directed,9,,0.0915
4,47,Directed,10,,0.2109
5,8,Directed,11,,0.0849
6,7,Directed,12,,0.0197
6,8,Directed,13,,0.0683
6,13,Directed,14,,0.0143
7,8,Directed,15,,0.0488
7,13,Directed,16,,0.014
8,13,Directed,17,,0.0604
8,16,Directed,18,,0.0239
8,23,Directed,19,,0.0478
8,24,Directed,20,,0.0414
8,26,Directed,21,,0.083
8,27,Directed,22,,0.0351
8,28,Directed,23,,0.1099
8,30,Directed,24,,0.0596
8,34,Directed,25,,0.0774
8,35,Directed,26,,0.0863
8,36,Directed,27,,0.1093
8,37,Directed,28,,0.1999
8,38,Directed,29,,0.1622
8,47,Directed,30,,0.1926
8,65,Directed,31,,0.204
8,67,Directed,32,,0.3284
8,112,Directed,33,,0.3847
8,118,Directed,34,,0.3655
8,144,Directed,35,,0.2746
8,201,Directed,36,,0.2654
8,248,Directed,37,,0.3059
8,313,Directed,38,,0.3829
9,10,Directed,39,,0.003
9,11,Directed,40,,0.0022
9,12,Directed,41,,0.0037
9,13,Directed,42,,0.0053
10,11,Directed,43,,0.0011
10,12,Directed,44,,0.001
10,13,Directed,45,,0.0023
11,13,Directed,46,,0.0033
12,13,Directed,47,,0.002
13,14,Directed,48,,9.0E-4
13,15,Directed,49,,0.0011
13,17,Directed,50,,0.006
13,18,Directed,51,,0.0055
13,19,Directed,52,,0.0095
13,20,Directed,53,,0.0112
13,21,Directed,54,,0.0098
16,22,Directed,55,,0.0311
17,19,Directed,56,,0.0038
17,20,Directed,57,,0.0053
19,20,Directed,58,,0.0018
22,26,Directed,59,,0.0281
23,24,Directed,60,,0.01
25,26,Directed,61,,0.0057
26,29,Directed,62,,0.0131
26,31,Directed,63,,0.017
26,33,Directed,64,,0.0322
26,47,Directed,65,,0.1216
28,35,Directed,66,,0.0425
29,31,Directed,67,,0.0125
29,33,Directed,68,,0.0247
29,47,Directed,69,,0.1134
30,34,Directed,70,,0.0184
31,32,Directed,71,,0.0043
32,33,Directed,72,,0.0113
33,47,Directed,73,,0.0895
35,36,Directed,74,,0.0232
36,38,Directed,75,,0.0549
37,38,Directed,76,,0.0478
39,47,Directed,77,,0.013
39,65,Directed,78,,0.0306
39,142,Directed,79,,0.0835
40,45,Directed,80,,0.018
40,46,Directed,81,,0.0167
40,50,Directed,82,,0.0133
40,55,Directed,83,,0.02
40,61,Directed,84,,0.0242
40,62,Directed,85,,0.0377
40,144,Directed,86,,0.0728
41,53,Directed,87,,0.0145
41,67,Directed,88,,0.0522
41,166,Directed,89,,0.0831
42,47,Directed,90,,0.0089
43,67,Directed,91,,0.0364
44,67,Directed,92,,0.0356
45,46,Directed,93,,0.0314
45,47,Directed,94,,0.0244
45,50,Directed,95,,0.0187
45,54,Directed,96,,0.0086
45,55,Directed,97,,0.0299
45,58,Directed,98,,0.0122
45,59,Directed,99,,0.0152
45,61,Directed,100,,0.0302
45,62,Directed,101,,0.049
45,63,Directed,102,,0.037
45,65,Directed,103,,0.0323
45,67,Directed,104,,0.1266
45,83,Directed,105,,0.0393
45,118,Directed,106,,0.1602
45,142,Directed,107,,0.0655
45,144,Directed,108,,0.0712
45,166,Directed,109,,0.0988
45,201,Directed,110,,0.0986
46,50,Directed,111,,0.0149
46,55,Directed,112,,0.009
46,62,Directed,113,,0.0215
46,63,Directed,114,,0.0163
46,67,Directed,115,,0.0958
46,144,Directed,116,,0.0641
47,48,Directed,117,,0.0107
47,49,Directed,118,,0.0154
47,54,Directed,119,,0.0273
47,56,Directed,120,,0.0122
47,58,Directed,121,,0.0288
47,59,Directed,122,,0.0197
47,60,Directed,123,,0.0242
47,65,Directed,124,,0.0178
47,67,Directed,125,,0.1502
47,74,Directed,126,,0.031
47,75,Directed,127,,0.032
47,83,Directed,128,,0.0483
47,86,Directed,129,,0.0555
47,94,Directed,130,,0.1804
47,109,Directed,131,,0.2658
47,112,Directed,132,,0.2046
47,118,Directed,133,,0.1828
47,123,Directed,134,,0.1841
47,131,Directed,135,,0.2139
47,142,Directed,136,,0.0714
47,144,Directed,137,,0.0825
47,147,Directed,138,,0.2535
47,150,Directed,139,,0.2555
47,152,Directed,140,,0.2244
47,166,Directed,141,,0.115
47,169,Directed,142,,0.077
47,172,Directed,143,,0.1606
47,176,Directed,144,,0.2078
47,177,Directed,145,,0.2424
47,182,Directed,146,,0.1826
47,183,Directed,147,,0.0836
47,197,Directed,148,,0.0929
47,201,Directed,149,,0.0938
47,203,Directed,150,,0.0963
47,219,Directed,151,,0.1144
47,230,Directed,152,,0.2408
47,232,Directed,153,,0.2028
47,245,Directed,154,,0.1281
47,246,Directed,155,,0.1301
47,248,Directed,156,,0.1305
47,253,Directed,157,,0.1334
47,255,Directed,158,,0.2336
47,258,Directed,159,,0.1437
47,261,Directed,160,,0.1894
47,263,Directed,161,,0.1429
47,293,Directed,162,,0.216
47,311,Directed,163,,0.2976
47,313,Directed,164,,0.3086
47,316,Directed,165,,0.3074
48,49,Directed,166,,0.0048
48,65,Directed,167,,0.0212
49,56,Directed,168,,0.0087
49,60,Directed,169,,0.0119
50,55,Directed,170,,0.0112
50,61,Directed,171,,0.0123
50,62,Directed,172,,0.0302
50,63,Directed,173,,0.0185
50,67,Directed,174,,0.1082
50,144,Directed,175,,0.0596
50,166,Directed,176,,0.0828
51,67,Directed,177,,0.0267
51,82,Directed,178,,0.0319
51,118,Directed,179,,0.0655
51,166,Directed,180,,0.0796
52,67,Directed,181,,0.0194
53,67,Directed,182,,0.0424
53,82,Directed,183,,0.0367
53,144,Directed,184,,0.0809
53,166,Directed,185,,0.0701
54,58,Directed,186,,0.0036
54,59,Directed,187,,0.0113
54,60,Directed,188,,0.0087
54,65,Directed,189,,0.0301
54,83,Directed,190,,0.0307
55,61,Directed,191,,0.0067
55,62,Directed,192,,0.0191
55,63,Directed,193,,0.0089
55,144,Directed,194,,0.0556
56,58,Directed,195,,0.018
56,59,Directed,196,,0.0078
56,60,Directed,197,,0.0124
56,65,Directed,198,,0.0141
57,69,Directed,199,,0.0198
57,70,Directed,200,,0.0199
57,71,Directed,201,,0.0197
57,118,Directed,202,,0.0435
58,59,Directed,203,,0.0107
58,60,Directed,204,,0.0069
58,65,Directed,205,,0.0294
58,83,Directed,206,,0.0271
59,60,Directed,207,,0.0046
59,64,Directed,208,,0.0057
59,65,Directed,209,,0.0189
59,83,Directed,210,,0.0297
59,144,Directed,211,,0.0638
60,64,Directed,212,,0.0048
60,65,Directed,213,,0.0225
61,62,Directed,214,,0.0201
61,63,Directed,215,,0.007
62,63,Directed,216,,0.0133
62,67,Directed,217,,0.0786
62,144,Directed,218,,0.0511
62,166,Directed,219,,0.0605
63,67,Directed,220,,0.0918
63,144,Directed,221,,0.0479
63,166,Directed,222,,0.0656
64,65,Directed,223,,0.0191
65,66,Directed,224,,0.0068
65,67,Directed,225,,0.1498
65,74,Directed,226,,0.0147
65,75,Directed,227,,0.0143
65,83,Directed,228,,0.0378
65,87,Directed,229,,0.0223
65,108,Directed,230,,0.0307
65,112,Directed,231,,0.2025
65,116,Directed,232,,0.0331
65,118,Directed,233,,0.18
65,142,Directed,234,,0.0572
65,144,Directed,235,,0.0709
65,151,Directed,236,,0.0485
65,166,Directed,237,,0.1059
65,169,Directed,238,,0.06
65,176,Directed,239,,0.2031
65,183,Directed,240,,0.066
65,197,Directed,241,,0.0752
65,201,Directed,242,,0.0761
65,203,Directed,243,,0.0787
65,219,Directed,244,,0.0984
65,245,Directed,245,,0.1109
65,246,Directed,246,,0.1131
65,248,Directed,247,,0.1133
65,253,Directed,248,,0.1163
65,255,Directed,249,,0.2254
65,258,Directed,250,,0.128
65,261,Directed,251,,0.1779
65,263,Directed,252,,0.1259
65,293,Directed,253,,0.2037
66,87,Directed,254,,0.0156
66,116,Directed,255,,0.0271
66,151,Directed,256,,0.0422
67,71,Directed,257,,0.0262
67,76,Directed,258,,0.0508
67,78,Directed,259,,0.01
67,79,Directed,260,,0.0138
67,82,Directed,261,,0.0219
67,90,Directed,262,,0.0258
67,94,Directed,263,,0.0327
67,95,Directed,264,,0.076
67,99,Directed,265,,0.0435
67,109,Directed,266,,0.1156
67,111,Directed,267,,0.0465
67,112,Directed,268,,0.0563
67,118,Directed,269,,0.0388
67,119,Directed,270,,0.1082
67,120,Directed,271,,0.0297
67,123,Directed,272,,0.0406
67,128,Directed,273,,0.0321
67,131,Directed,274,,0.0667
67,133,Directed,275,,0.0368
67,136,Directed,276,,0.1058
67,144,Directed,277,,0.1033
67,146,Directed,278,,0.1061
67,147,Directed,279,,0.105
67,150,Directed,280,,0.1069
67,152,Directed,281,,0.0783
67,153,Directed,282,,0.0829
67,159,Directed,283,,0.0703
67,161,Directed,284,,0.0661
67,162,Directed,285,,0.1033
67,166,Directed,286,,0.077
67,167,Directed,287,,0.0607
67,172,Directed,288,,0.054
67,174,Directed,289,,0.1004
67,176,Directed,290,,0.0708
67,177,Directed,291,,0.0983
67,179,Directed,292,,0.1005
67,182,Directed,293,,0.0604
67,183,Directed,294,,0.1562
67,189,Directed,295,,0.0745
67,197,Directed,296,,0.1629
67,201,Directed,297,,0.1639
67,203,Directed,298,,0.163
67,217,Directed,299,,0.09
67,219,Directed,300,,0.1399
67,230,Directed,301,,0.1115
67,232,Directed,302,,0.0954
67,233,Directed,303,,0.1163
67,246,Directed,304,,0.1617
67,248,Directed,305,,0.1655
67,253,Directed,306,,0.1651
67,255,Directed,307,,0.1163
67,258,Directed,308,,0.1454
67,261,Directed,309,,0.1162
67,263,Directed,310,,0.1685
67,274,Directed,311,,0.1518
67,292,Directed,312,,0.1431
67,293,Directed,313,,0.1428
67,296,Directed,314,,0.146
67,299,Directed,315,,0.1685
67,301,Directed,316,,0.1705
67,307,Directed,317,,0.1847
67,310,Directed,318,,0.1917
67,311,Directed,319,,0.1939
67,313,Directed,320,,0.3992
68,80,Directed,321,,0.0134
68,96,Directed,322,,0.0223
68,109,Directed,323,,0.0259
68,118,Directed,324,,0.1008
68,125,Directed,325,,0.0323
68,147,Directed,326,,0.0478
69,71,Directed,327,,0.0084
69,73,Directed,328,,0.0077
69,118,Directed,329,,0.0283
70,112,Directed,330,,0.0267
70,118,Directed,331,,0.0289
71,73,Directed,332,,0.003
71,77,Directed,333,,0.0053
71,90,Directed,334,,0.0143
71,111,Directed,335,,0.0252
71,112,Directed,336,,0.0326
71,118,Directed,337,,0.024
72,96,Directed,338,,0.0171
72,118,Directed,339,,0.0788
72,146,Directed,340,,0.0355
72,147,Directed,341,,0.0365
72,152,Directed,342,,0.0523
72,162,Directed,343,,0.0452
72,177,Directed,344,,0.0572
73,77,Directed,345,,0.0026
73,90,Directed,346,,0.0115
73,94,Directed,347,,0.0129
73,118,Directed,348,,0.022
74,75,Directed,349,,0.0106
74,116,Directed,350,,0.0203
74,201,Directed,351,,0.0637
75,87,Directed,352,,0.0085
75,108,Directed,353,,0.0168
75,116,Directed,354,,0.0202
75,151,Directed,355,,0.0348
75,166,Directed,356,,0.1021
75,201,Directed,357,,0.0622
76,82,Directed,358,,0.0325
76,98,Directed,359,,0.0204
76,118,Directed,360,,0.0797
76,142,Directed,361,,0.0717
76,144,Directed,362,,0.0551
77,94,Directed,363,,0.0104
77,118,Directed,364,,0.0195
78,79,Directed,365,,0.0063
78,118,Directed,366,,0.0298
79,118,Directed,367,,0.025
80,101,Directed,368,,0.0198
80,109,Directed,369,,0.0128
80,118,Directed,370,,0.091
80,146,Directed,371,,0.0329
80,147,Directed,372,,0.0344
80,152,Directed,373,,0.0588
80,162,Directed,374,,0.044
80,176,Directed,375,,0.0853
80,177,Directed,376,,0.0579
81,85,Directed,377,,0.0069
81,118,Directed,378,,0.1173
81,144,Directed,379,,0.0277
81,166,Directed,380,,0.0472
81,261,Directed,381,,0.1239
82,106,Directed,382,,0.0113
82,118,Directed,383,,0.0475
82,130,Directed,384,,0.0376
82,140,Directed,385,,0.0261
82,144,Directed,386,,0.0821
82,166,Directed,387,,0.0551
82,182,Directed,388,,0.0564
83,85,Directed,389,,0.0211
83,86,Directed,390,,0.0098
83,97,Directed,391,,0.0195
83,104,Directed,392,,0.0136
83,118,Directed,393,,0.145
83,144,Directed,394,,0.0343
83,166,Directed,395,,0.0681
83,201,Directed,396,,0.0649
83,248,Directed,397,,0.0927
84,112,Directed,398,,0.0131
84,118,Directed,399,,0.0245
85,97,Directed,400,,0.0064
85,144,Directed,401,,0.0261
85,261,Directed,402,,0.1272
86,144,Directed,403,,0.0286
88,118,Directed,404,,0.0142
89,174,Directed,405,,0.0386
90,94,Directed,406,,0.0075
90,112,Directed,407,,0.0317
90,118,Directed,408,,0.0133
90,152,Directed,409,,0.0528
90,166,Directed,410,,0.0855
90,182,Directed,411,,0.0422
91,92,Directed,412,,0.008
91,95,Directed,413,,0.0057
91,109,Directed,414,,0.0348
91,112,Directed,415,,0.0302
91,118,Directed,416,,0.0532
91,119,Directed,417,,0.0278
91,146,Directed,418,,0.0296
91,147,Directed,419,,0.0293
91,150,Directed,420,,0.0309
91,152,Directed,421,,0.0283
91,162,Directed,422,,0.0334
91,174,Directed,423,,0.038
91,176,Directed,424,,0.0527
91,177,Directed,425,,0.0399
91,179,Directed,426,,0.0408
91,221,Directed,427,,0.0694
91,230,Directed,428,,0.0773
91,255,Directed,429,,0.0968
92,95,Directed,430,,0.0135
92,109,Directed,431,,0.027
92,112,Directed,432,,0.0379
92,118,Directed,433,,0.0611
92,119,Directed,434,,0.0207
92,143,Directed,435,,0.0269
92,146,Directed,436,,0.025
92,147,Directed,437,,0.0251
92,150,Directed,438,,0.0264
92,152,Directed,439,,0.0326
92,162,Directed,440,,0.0312
92,174,Directed,441,,0.0377
92,176,Directed,442,,0.0584
92,179,Directed,443,,0.0409
92,182,Directed,444,,0.0837
92,221,Directed,445,,0.0704
92,230,Directed,446,,0.0793
92,255,Directed,447,,0.0998
92,299,Directed,448,,0.1427
93,100,Directed,449,,0.0047
93,118,Directed,450,,0.0232
93,152,Directed,451,,0.0297
93,161,Directed,452,,0.0294
94,99,Directed,453,,0.0121
94,109,Directed,454,,0.0863
94,112,Directed,455,,0.0242
94,118,Directed,456,,0.0093
94,131,Directed,457,,0.0341
94,146,Directed,458,,0.0745
94,147,Directed,459,,0.0733
94,152,Directed,460,,0.0456
94,159,Directed,461,,0.038
94,162,Directed,462,,0.0709
94,166,Directed,463,,0.0917
94,172,Directed,464,,0.0492
94,176,Directed,465,,0.0408
94,179,Directed,466,,0.0677
94,182,Directed,467,,0.042
94,201,Directed,468,,0.1827
94,217,Directed,469,,0.0655
94,219,Directed,470,,0.1535
94,230,Directed,471,,0.0819
94,232,Directed,472,,0.0762
94,248,Directed,473,,0.1776
94,255,Directed,474,,0.0906
94,258,Directed,475,,0.1528
94,261,Directed,476,,0.1068
94,263,Directed,477,,0.1782
94,299,Directed,478,,0.1427
94,301,Directed,479,,0.1457
94,310,Directed,480,,0.1661
94,311,Directed,481,,0.1684
95,101,Directed,482,,0.0252
95,109,Directed,483,,0.0398
95,112,Directed,484,,0.0245
95,118,Directed,485,,0.0476
95,119,Directed,486,,0.0323
95,131,Directed,487,,0.0216
95,146,Directed,488,,0.0323
95,147,Directed,489,,0.0317
95,150,Directed,490,,0.0335
95,152,Directed,491,,0.0246
95,162,Directed,492,,0.0343
95,174,Directed,493,,0.0375
95,176,Directed,494,,0.0479
95,177,Directed,495,,0.0387
95,179,Directed,496,,0.0399
95,221,Directed,497,,0.0675
95,230,Directed,498,,0.0747
95,255,Directed,499,,0.0934
95,299,Directed,500,,0.1392
96,118,Directed,501,,0.0844
96,147,Directed,502,,0.0255
96,152,Directed,503,,0.0505
96,162,Directed,504,,0.0351
96,177,Directed,505,,0.0489
97,104,Directed,506,,0.0105
98,144,Directed,507,,0.0347
99,112,Directed,508,,0.0128
99,118,Directed,509,,0.0149
99,147,Directed,510,,0.0616
99,152,Directed,511,,0.0354
99,161,Directed,512,,0.0293
99,167,Directed,513,,0.0305
99,176,Directed,514,,0.037
100,111,Directed,515,,0.0071
100,112,Directed,516,,0.0083
100,118,Directed,517,,0.0186
100,137,Directed,518,,0.0175
100,152,Directed,519,,0.0312
100,161,Directed,520,,0.0276
101,112,Directed,521,,0.0489
101,118,Directed,522,,0.0722
101,129,Directed,523,,0.012
101,146,Directed,524,,0.0189
101,152,Directed,525,,0.0392
101,162,Directed,526,,0.0285
101,174,Directed,527,,0.0372
101,176,Directed,528,,0.0657
101,179,Directed,529,,0.0407
101,221,Directed,530,,0.0704
101,230,Directed,531,,0.0807
101,255,Directed,532,,0.1024
102,107,Directed,533,,0.0087
102,118,Directed,534,,0.0236
102,120,Directed,535,,0.0073
102,182,Directed,536,,0.0378
103,115,Directed,537,,0.0038
103,152,Directed,538,,0.0271
104,144,Directed,539,,0.0206
105,123,Directed,540,,0.0248
105,167,Directed,541,,0.0306
105,182,Directed,542,,0.0512
106,118,Directed,543,,0.0434
106,120,Directed,544,,0.0243
106,140,Directed,545,,0.015
106,166,Directed,546,,0.05
106,182,Directed,547,,0.0465
107,118,Directed,548,,0.0149
108,116,Directed,549,,0.0062
108,201,Directed,550,,0.0455
109,112,Directed,551,,0.0629
109,118,Directed,552,,0.0862
109,119,Directed,553,,0.0095
109,131,Directed,554,,0.056
109,144,Directed,555,,0.2092
109,146,Directed,556,,0.0211
109,147,Directed,557,,0.0227
109,150,Directed,558,,0.0218
109,152,Directed,559,,0.0503
109,159,Directed,560,,0.0647
109,161,Directed,561,,0.0713
109,162,Directed,562,,0.0321
109,166,Directed,563,,0.1744
109,167,Directed,564,,0.0819
109,170,Directed,565,,0.0332
109,174,Directed,566,,0.042
109,176,Directed,567,,0.0765
109,177,Directed,568,,0.0464
109,179,Directed,569,,0.0455
109,182,Directed,570,,0.1045
109,201,Directed,571,,0.2655
109,202,Directed,572,,0.0565
109,203,Directed,573,,0.2638
109,212,Directed,574,,0.0586
109,217,Directed,575,,0.0997
109,219,Directed,576,,0.2328
109,221,Directed,577,,0.0736
109,230,Directed,578,,0.0851
109,232,Directed,579,,0.1193
109,248,Directed,580,,0.2545
109,255,Directed,581,,0.1078
109,258,Directed,582,,0.2256
109,261,Directed,583,,0.1605
109,273,Directed,584,,0.1108
109,293,Directed,585,,0.1714
109,299,Directed,586,,0.1431
109,301,Directed,587,,0.1495
109,306,Directed,588,,0.1568
109,307,Directed,589,,0.1608
109,310,Directed,590,,0.1625
109,311,Directed,591,,0.1652
109,321,Directed,592,,0.23
110,152,Directed,593,,0.0458
110,162,Directed,594,,0.0286
111,112,Directed,595,,0.0112
111,118,Directed,596,,0.0123
111,152,Directed,597,,0.0318
111,161,Directed,598,,0.0233
112,118,Directed,599,,0.0233
112,119,Directed,600,,0.0544
112,123,Directed,601,,0.0228
112,125,Directed,602,,0.0609
112,126,Directed,603,,0.0159
112,131,Directed,604,,0.0108
112,136,Directed,605,,0.0503
112,137,Directed,606,,0.0151
112,144,Directed,607,,0.1464
112,146,Directed,608,,0.0502
112,147,Directed,609,,0.049
112,149,Directed,610,,0.043
112,150,Directed,611,,0.051
112,152,Directed,612,,0.0229
112,157,Directed,613,,0.0387
112,159,Directed,614,,0.0213
112,161,Directed,615,,0.0225
112,162,Directed,616,,0.047
112,166,Directed,617,,0.1121
112,167,Directed,618,,0.0282
112,170,Directed,619,,0.0519
112,172,Directed,620,,0.0643
112,174,Directed,621,,0.0448
112,176,Directed,622,,0.031
112,177,Directed,623,,0.0434
112,179,Directed,624,,0.0454
112,182,Directed,625,,0.0487
112,189,Directed,626,,0.0405
112,201,Directed,627,,0.2035
112,202,Directed,628,,0.0545
112,203,Directed,629,,0.2019
112,212,Directed,630,,0.0626
112,217,Directed,631,,0.0606
112,219,Directed,632,,0.1723
112,221,Directed,633,,0.0649
112,230,Directed,634,,0.068
112,232,Directed,635,,0.0764
112,248,Directed,636,,0.1952
112,253,Directed,637,,0.1938
112,255,Directed,638,,0.0821
112,258,Directed,639,,0.1684
112,261,Directed,640,,0.1131
112,263,Directed,641,,0.1947
112,292,Directed,642,,0.122
112,293,Directed,643,,0.1319
112,296,Directed,644,,0.1346
112,299,Directed,645,,0.1321
112,301,Directed,646,,0.1362
112,305,Directed,647,,0.1417
112,306,Directed,648,,0.1493
112,307,Directed,649,,0.15
112,310,Directed,650,,0.1552
112,311,Directed,651,,0.1577
113,152,Directed,652,,0.0271
113,174,Directed,653,,0.0292
114,118,Directed,654,,0.0065
115,152,Directed,655,,0.0233
116,151,Directed,656,,0.0159
117,152,Directed,657,,0.0152
118,119,Directed,658,,0.0775
118,120,Directed,659,,0.0194
118,125,Directed,660,,0.0839
118,126,Directed,661,,0.0085
118,127,Directed,662,,0.0212
118,128,Directed,663,,0.0296
118,129,Directed,664,,0.0704
118,130,Directed,665,,0.0142
118,131,Directed,666,,0.0313
118,133,Directed,667,,0.0412
118,134,Directed,668,,0.0768
118,136,Directed,669,,0.0728
118,137,Directed,670,,0.0168
118,139,Directed,671,,0.0344
118,140,Directed,672,,0.0464
118,143,Directed,673,,0.0762
118,144,Directed,674,,0.1231
118,145,Directed,675,,0.02
118,146,Directed,676,,0.0724
118,147,Directed,677,,0.0711
118,148,Directed,678,,0.0155
118,149,Directed,679,,0.0648
118,150,Directed,680,,0.073
118,152,Directed,681,,0.0416
118,153,Directed,682,,0.0994
118,154,Directed,683,,0.0152
118,155,Directed,684,,0.0157
118,157,Directed,685,,0.0592
118,158,Directed,686,,0.0186
118,159,Directed,687,,0.0317
118,161,Directed,688,,0.0273
118,162,Directed,689,,0.0676
118,163,Directed,690,,0.0223
118,164,Directed,691,,0.0211
118,166,Directed,692,,0.089
118,167,Directed,693,,0.0231
118,168,Directed,694,,0.0993
118,169,Directed,695,,0.164
118,172,Directed,696,,0.0431
118,173,Directed,697,,0.1001
118,174,Directed,698,,0.0632
118,176,Directed,699,,0.0325
118,177,Directed,700,,0.0606
118,179,Directed,701,,0.0628
118,181,Directed,702,,0.0907
118,182,Directed,703,,0.0332
118,183,Directed,704,,0.1744
118,186,Directed,705,,0.0471
118,189,Directed,706,,0.0379
118,191,Directed,707,,0.0376
118,192,Directed,708,,0.0412
118,197,Directed,709,,0.1795
118,198,Directed,710,,0.0637
118,201,Directed,711,,0.1804
118,202,Directed,712,,0.0688
118,203,Directed,713,,0.1788
118,204,Directed,714,,0.06
118,212,Directed,715,,0.0769
118,216,Directed,716,,0.0686
118,217,Directed,717,,0.0562
118,218,Directed,718,,0.0693
118,219,Directed,719,,0.1498
118,221,Directed,720,,0.0745
118,222,Directed,721,,0.0622
118,225,Directed,722,,0.08
118,229,Directed,723,,0.0955
118,230,Directed,724,,0.0737
118,232,Directed,725,,0.067
118,233,Directed,726,,0.1161
118,240,Directed,727,,0.0703
118,246,Directed,728,,0.1691
118,248,Directed,729,,0.1733
118,249,Directed,730,,0.0842
118,250,Directed,731,,0.1652
118,253,Directed,732,,0.172
118,255,Directed,733,,0.0815
118,256,Directed,734,,0.0806
118,258,Directed,735,,0.1474
118,260,Directed,736,,0.0955
118,261,Directed,737,,0.0985
118,263,Directed,738,,0.1733
118,273,Directed,739,,0.1001
118,274,Directed,740,,0.1504
118,276,Directed,741,,0.1353
118,284,Directed,742,,0.1142
118,288,Directed,743,,0.1222
118,292,Directed,744,,0.1151
118,293,Directed,745,,0.1207
118,296,Directed,746,,0.1237
118,297,Directed,747,,0.1305
118,299,Directed,748,,0.1337
118,301,Directed,749,,0.1366
118,305,Directed,750,,0.1419
118,306,Directed,751,,0.1514
118,307,Directed,752,,0.1508
118,310,Directed,753,,0.157
118,311,Directed,754,,0.1594
118,313,Directed,755,,0.4076
118,321,Directed,756,,0.251
119,131,Directed,757,,0.047
119,146,Directed,758,,0.0126
119,147,Directed,759,,0.0141
119,150,Directed,760,,0.0136
119,152,Directed,761,,0.0408
119,162,Directed,762,,0.0236
119,174,Directed,763,,0.0333
119,176,Directed,764,,0.067
119,177,Directed,765,,0.0375
119,179,Directed,766,,0.0368
119,182,Directed,767,,0.095
119,217,Directed,768,,0.0904
119,221,Directed,769,,0.0657
119,230,Directed,770,,0.0768
119,255,Directed,771,,0.0992
119,261,Directed,772,,0.1511
119,299,Directed,773,,0.1363
119,301,Directed,774,,0.1425
119,306,Directed,775,,0.1505
119,310,Directed,776,,0.1563
119,311,Directed,777,,0.159
119,321,Directed,778,,0.2271
120,130,Directed,779,,0.0073
120,166,Directed,780,,0.07
120,182,Directed,781,,0.0307
120,258,Directed,782,,0.1312
121,142,Directed,783,,0.0629
122,163,Directed,784,,0.022
123,131,Directed,785,,0.0302
123,146,Directed,786,,0.0714
123,147,Directed,787,,0.07
123,152,Directed,788,,0.0403
123,159,Directed,789,,0.03
123,163,Directed,790,,0.021
123,166,Directed,791,,0.0894
123,167,Directed,792,,0.0211
123,172,Directed,793,,0.0427
123,179,Directed,794,,0.0613
123,182,Directed,795,,0.0319
123,217,Directed,796,,0.0544
123,219,Directed,797,,0.1499
123,255,Directed,798,,0.0796
123,261,Directed,799,,0.0973
123,273,Directed,800,,0.0981
123,296,Directed,801,,0.1222
123,299,Directed,802,,0.1317
123,301,Directed,803,,0.1347
123,302,Directed,804,,0.1351
123,307,Directed,805,,0.1489
123,310,Directed,806,,0.1551
124,138,Directed,807,,0.0076
124,201,Directed,808,,0.0408
125,131,Directed,809,,0.0532
125,147,Directed,810,,0.0171
125,152,Directed,811,,0.0463
125,162,Directed,812,,0.0263
125,170,Directed,813,,0.027
125,174,Directed,814,,0.0362
125,177,Directed,815,,0.0406
125,179,Directed,816,,0.0396
125,221,Directed,817,,0.0673
125,230,Directed,818,,0.0789
125,255,Directed,819,,0.1017
125,299,Directed,820,,0.1366
126,137,Directed,821,,0.0089
126,152,Directed,822,,0.0331
126,161,Directed,823,,0.0203
126,176,Directed,824,,0.0268
126,182,Directed,825,,0.0349
126,217,Directed,826,,0.0533
127,137,Directed,827,,0.0092
127,152,Directed,828,,0.021
127,255,Directed,829,,0.076
128,133,Directed,830,,0.0116
128,142,Directed,831,,0.1129
128,152,Directed,832,,0.0691
128,166,Directed,833,,0.0596
128,182,Directed,834,,0.0315
128,258,Directed,835,,0.1214
128,261,Directed,836,,0.0844
129,152,Directed,837,,0.0327
129,221,Directed,838,,0.0589
129,255,Directed,839,,0.0917
130,145,Directed,840,,0.0071
130,148,Directed,841,,0.0086
130,160,Directed,842,,0.0148
130,166,Directed,843,,0.0749
130,182,Directed,844,,0.0258
130,258,Directed,845,,0.1336
131,146,Directed,846,,0.0412
131,147,Directed,847,,0.0398
131,150,Directed,848,,0.0418
131,152,Directed,849,,0.0121
131,153,Directed,850,,0.1295
131,162,Directed,851,,0.0368
131,166,Directed,852,,0.1183
131,167,Directed,853,,0.0278
131,170,Directed,854,,0.0415
131,172,Directed,855,,0.0685
131,174,Directed,856,,0.034
131,176,Directed,857,,0.0267
131,177,Directed,858,,0.0325
131,179,Directed,859,,0.0346
131,182,Directed,860,,0.0502
131,189,Directed,861,,0.0367
131,201,Directed,862,,0.2095
131,212,Directed,863,,0.0519
131,217,Directed,864,,0.0562
131,219,Directed,865,,0.1771
131,221,Directed,866,,0.0552
131,230,Directed,867,,0.0594
131,248,Directed,868,,0.1993
131,255,Directed,869,,0.0753
131,258,Directed,870,,0.1715
131,261,Directed,871,,0.1123
131,292,Directed,872,,0.1172
131,293,Directed,873,,0.129
131,299,Directed,874,,0.124
131,301,Directed,875,,0.1284
131,305,Directed,876,,0.1339
131,306,Directed,877,,0.141
131,307,Directed,878,,0.1421
131,310,Directed,879,,0.1469
131,311,Directed,880,,0.1494
132,152,Directed,881,,0.0243
132,174,Directed,882,,0.0212
132,230,Directed,883,,0.0643
132,255,Directed,884,,0.0858
133,140,Directed,885,,0.0062
133,144,Directed,886,,0.0821
133,152,Directed,887,,0.0802
133,166,Directed,888,,0.0481
133,172,Directed,889,,0.0201
133,182,Directed,890,,0.0373
133,219,Directed,891,,0.1101
133,232,Directed,892,,0.0669
133,255,Directed,893,,0.0936
133,258,Directed,894,,0.1113
133,261,Directed,895,,0.0806
133,293,Directed,896,,0.1082
134,136,Directed,897,,0.0046
135,139,Directed,898,,0.005
136,152,Directed,899,,0.0337
137,139,Directed,900,,0.0191
137,152,Directed,901,,0.0257
137,161,Directed,902,,0.0114
137,176,Directed,903,,0.0187
137,255,Directed,904,,0.0702
138,183,Directed,905,,0.0253
138,201,Directed,906,,0.0333
139,161,Directed,907,,0.0171
139,162,Directed,908,,0.0331
139,167,Directed,909,,0.0272
139,177,Directed,910,,0.0277
139,230,Directed,911,,0.0546
140,166,Directed,912,,0.0426
140,182,Directed,913,,0.0382
141,157,Directed,914,,0.0083
141,177,Directed,915,,0.0183
142,144,Directed,916,,0.0194
142,166,Directed,917,,0.0564
142,172,Directed,918,,0.1083
142,198,Directed,919,,0.0983
142,216,Directed,920,,0.1105
142,225,Directed,921,,0.1062
142,229,Directed,922,,0.0895
142,233,Directed,923,,0.0724
142,261,Directed,924,,0.1219
142,293,Directed,925,,0.1469
143,147,Directed,926,,0.0055
143,152,Directed,927,,0.0364
143,162,Directed,928,,0.014
143,170,Directed,929,,0.0148
143,174,Directed,930,,0.0239
143,221,Directed,931,,0.0552
143,230,Directed,932,,0.0666
143,299,Directed,933,,0.1253
143,306,Directed,934,,0.1394
143,310,Directed,935,,0.1452
143,311,Directed,936,,0.1479
144,150,Directed,937,,0.1945
144,162,Directed,938,,0.1873
144,166,Directed,939,,0.0374
144,168,Directed,940,,0.028
144,169,Directed,941,,0.0416
144,172,Directed,942,,0.089
144,176,Directed,943,,0.1401
144,177,Directed,944,,0.1767
144,181,Directed,945,,0.0416
144,182,Directed,946,,0.1118
144,183,Directed,947,,0.0529
144,197,Directed,948,,0.0599
144,201,Directed,949,,0.0609
144,203,Directed,950,,0.0603
144,213,Directed,951,,0.0549
144,216,Directed,952,,0.0929
144,219,Directed,953,,0.0477
144,225,Directed,954,,0.0895
144,233,Directed,955,,0.0613
144,245,Directed,956,,0.0708
144,246,Directed,957,,0.0704
144,248,Directed,958,,0.0731
144,250,Directed,959,,0.0704
144,253,Directed,960,,0.0742
144,255,Directed,961,,0.156
144,258,Directed,962,,0.0702
144,261,Directed,963,,0.1071
144,263,Directed,964,,0.0813
144,274,Directed,965,,0.083
144,292,Directed,966,,0.1512
144,293,Directed,967,,0.1335
144,297,Directed,968,,0.1276
144,299,Directed,969,,0.1958
145,148,Directed,970,,0.0074
145,182,Directed,971,,0.0198
146,147,Directed,972,,0.0017
146,150,Directed,973,,0.0014
146,152,Directed,974,,0.0325
146,159,Directed,975,,0.0466
146,161,Directed,976,,0.0533
146,166,Directed,977,,0.1583
146,167,Directed,978,,0.0641
146,168,Directed,979,,0.1686
146,172,Directed,980,,0.1071
146,174,Directed,981,,0.0209
146,176,Directed,982,,0.0574
146,177,Directed,983,,0.0253
146,179,Directed,984,,0.0244
146,182,Directed,985,,0.0862
146,189,Directed,986,,0.0654
146,202,Directed,987,,0.0358
146,212,Directed,988,,0.039
146,217,Directed,989,,0.079
146,218,Directed,990,,0.0543
146,221,Directed,991,,0.0531
146,230,Directed,992,,0.0642
146,232,Directed,993,,0.0987
146,237,Directed,994,,0.0704
146,255,Directed,995,,0.0868
146,260,Directed,996,,0.0815
146,261,Directed,997,,0.14
146,284,Directed,998,,0.106
146,292,Directed,999,,0.1326
146,293,Directed,1000,,0.1503
146,299,Directed,1001,,0.1238
146,301,Directed,1002,,0.13
146,305,Directed,1003,,0.1353
146,306,Directed,1004,,0.1383
146,307,Directed,1005,,0.1418
146,310,Directed,1006,,0.1441
146,311,Directed,1007,,0.1468
147,150,Directed,1008,,0.002
147,152,Directed,1009,,0.031
147,153,Directed,1010,,0.1684
147,159,Directed,1011,,0.045
147,161,Directed,1012,,0.0517
147,162,Directed,1013,,0.0095
147,166,Directed,1014,,0.1567
147,167,Directed,1015,,0.0625
147,172,Directed,1016,,0.1055
147,174,Directed,1017,,0.0193
147,176,Directed,1018,,0.0558
147,177,Directed,1019,,0.0237
147,179,Directed,1020,,0.0229
147,182,Directed,1021,,0.0845
147,201,Directed,1022,,0.2472
147,202,Directed,1023,,0.0344
147,212,Directed,1024,,0.0378
147,217,Directed,1025,,0.0773
147,218,Directed,1026,,0.0528
147,219,Directed,1027,,0.2134
147,221,Directed,1028,,0.0517
147,230,Directed,1029,,0.0627
147,232,Directed,1030,,0.097
147,248,Directed,1031,,0.2344
147,249,Directed,1032,,0.0736
147,255,Directed,1033,,0.0852
147,258,Directed,1034,,0.2049
147,260,Directed,1035,,0.0802
147,261,Directed,1036,,0.1383
147,273,Directed,1037,,0.0893
147,284,Directed,1038,,0.1047
147,292,Directed,1039,,0.131
147,293,Directed,1040,,0.1487
147,298,Directed,1041,,0.1155
147,299,Directed,1042,,0.1226
147,300,Directed,1043,,0.1247
147,301,Directed,1044,,0.1288
147,305,Directed,1045,,0.134
147,306,Directed,1046,,0.1372
147,307,Directed,1047,,0.1406
147,310,Directed,1048,,0.143
147,311,Directed,1049,,0.1457
147,320,Directed,1050,,0.2151
147,321,Directed,1051,,0.2166
147,322,Directed,1052,,0.2187
147,324,Directed,1053,,0.2201
147,325,Directed,1054,,0.2247
148,158,Directed,1055,,0.0094
148,166,Directed,1056,,0.0779
148,182,Directed,1057,,0.0186
149,152,Directed,1058,,0.0244
149,157,Directed,1059,,0.008
149,221,Directed,1060,,0.0487
149,230,Directed,1061,,0.059
149,255,Directed,1062,,0.0811
150,152,Directed,1063,,0.0328
150,159,Directed,1064,,0.0468
150,162,Directed,1065,,0.0104
150,166,Directed,1066,,0.1586
150,167,Directed,1067,,0.0643
150,174,Directed,1068,,0.0203
150,176,Directed,1069,,0.0574
150,177,Directed,1070,,0.0247
150,179,Directed,1071,,0.0238
150,182,Directed,1072,,0.0863
150,201,Directed,1073,,0.2491
150,202,Directed,1074,,0.0349
150,212,Directed,1075,,0.0379
150,219,Directed,1076,,0.2151
150,221,Directed,1077,,0.0522
150,230,Directed,1078,,0.0634
150,248,Directed,1079,,0.236
150,255,Directed,1080,,0.086
150,258,Directed,1081,,0.2065
150,261,Directed,1082,,0.1396
150,263,Directed,1083,,0.2335
150,292,Directed,1084,,0.1318
150,296,Directed,1085,,0.1517
150,299,Directed,1086,,0.1227
150,301,Directed,1087,,0.1289
150,306,Directed,1088,,0.1371
150,310,Directed,1089,,0.1429
150,311,Directed,1090,,0.1456
150,320,Directed,1091,,0.2143
150,321,Directed,1092,,0.2158
150,322,Directed,1093,,0.2178
150,324,Directed,1094,,0.2193
150,325,Directed,1095,,0.2238
151,201,Directed,1096,,0.0276
152,156,Directed,1097,,0.0277
152,157,Directed,1098,,0.0178
152,158,Directed,1099,,0.0412
152,159,Directed,1100,,0.0144
152,161,Directed,1101,,0.0211
152,162,Directed,1102,,0.0261
152,166,Directed,1103,,0.1258
152,167,Directed,1104,,0.0318
152,170,Directed,1105,,0.0305
152,172,Directed,1106,,0.0747
152,174,Directed,1107,,0.0221
152,176,Directed,1108,,0.0265
152,177,Directed,1109,,0.0204
152,179,Directed,1110,,0.0225
152,182,Directed,1111,,0.0542
152,183,Directed,1112,,0.2114
152,186,Directed,1113,,0.0214
152,187,Directed,1114,,0.0235
152,189,Directed,1115,,0.0357
152,191,Directed,1116,,0.0439
152,192,Directed,1117,,0.0323
152,198,Directed,1118,,0.0917
152,201,Directed,1119,,0.2163
152,202,Directed,1120,,0.0321
152,210,Directed,1121,,0.0373
152,212,Directed,1122,,0.04
152,215,Directed,1123,,0.04
152,217,Directed,1124,,0.0531
152,218,Directed,1125,,0.042
152,219,Directed,1126,,0.1828
152,221,Directed,1127,,0.0447
152,222,Directed,1128,,0.0486
152,230,Directed,1129,,0.0505
152,232,Directed,1130,,0.0719
152,233,Directed,1131,,0.1441
152,248,Directed,1132,,0.2042
152,252,Directed,1133,,0.0654
152,255,Directed,1134,,0.0688
152,256,Directed,1135,,0.0741
152,258,Directed,1136,,0.1754
152,261,Directed,1137,,0.1122
152,263,Directed,1138,,0.2023
152,284,Directed,1139,,0.0958
152,288,Directed,1140,,0.1319
152,292,Directed,1141,,0.1126
152,293,Directed,1142,,0.1265
152,297,Directed,1143,,0.14
152,299,Directed,1144,,0.1153
152,301,Directed,1145,,0.1202
152,305,Directed,1146,,0.1257
152,306,Directed,1147,,0.1319
152,307,Directed,1148,,0.1335
152,310,Directed,1149,,0.1378
152,311,Directed,1150,,0.1404
153,166,Directed,1151,,0.0137
153,203,Directed,1152,,0.0806
153,248,Directed,1153,,0.0845
153,261,Directed,1154,,0.0892
153,293,Directed,1155,,0.1171
154,164,Directed,1156,,0.0062
154,171,Directed,1157,,0.0128
154,182,Directed,1158,,0.018
155,171,Directed,1159,,0.0094
157,177,Directed,1160,,0.0125
157,221,Directed,1161,,0.0426
157,230,Directed,1162,,0.0521
157,255,Directed,1163,,0.0738
158,161,Directed,1164,,0.0207
158,171,Directed,1165,,0.0074
158,182,Directed,1166,,0.0162
159,161,Directed,1167,,0.0068
159,162,Directed,1168,,0.039
159,166,Directed,1169,,0.112
159,167,Directed,1170,,0.0175
159,174,Directed,1171,,0.0327
159,176,Directed,1172,,0.0128
159,179,Directed,1173,,0.0317
159,182,Directed,1174,,0.0398
159,217,Directed,1175,,0.0417
159,219,Directed,1176,,0.1685
159,230,Directed,1177,,0.0468
159,248,Directed,1178,,0.1898
159,255,Directed,1179,,0.0612
159,258,Directed,1180,,0.161
159,261,Directed,1181,,0.099
159,293,Directed,1182,,0.1148
159,299,Directed,1183,,0.1108
159,301,Directed,1184,,0.1149
160,182,Directed,1185,,0.0122
161,162,Directed,1186,,0.0457
161,167,Directed,1187,,0.0108
161,174,Directed,1188,,0.039
161,179,Directed,1189,,0.0378
161,182,Directed,1190,,0.0332
161,189,Directed,1191,,0.0183
161,191,Directed,1192,,0.0245
161,230,Directed,1193,,0.0478
161,248,Directed,1194,,0.1832
161,255,Directed,1195,,0.0598
161,261,Directed,1196,,0.0936
161,299,Directed,1197,,0.1106
161,301,Directed,1198,,0.1143
162,166,Directed,1199,,0.151
162,167,Directed,1200,,0.0563
162,172,Directed,1201,,0.0994
162,174,Directed,1202,,0.0099
162,176,Directed,1203,,0.0486
162,177,Directed,1204,,0.0144
162,179,Directed,1205,,0.0134
162,182,Directed,1206,,0.0777
162,201,Directed,1207,,0.241
162,202,Directed,1208,,0.025
162,212,Directed,1209,,0.0289
162,217,Directed,1210,,0.0684
162,218,Directed,1211,,0.0433
162,219,Directed,1212,,0.2065
162,221,Directed,1213,,0.0423
162,230,Directed,1214,,0.0532
162,232,Directed,1215,,0.0881
162,237,Directed,1216,,0.0593
162,243,Directed,1217,,0.0552
162,248,Directed,1218,,0.227
162,249,Directed,1219,,0.0641
162,252,Directed,1220,,0.0621
162,255,Directed,1221,,0.0757
162,258,Directed,1222,,0.1971
162,261,Directed,1223,,0.1295
162,273,Directed,1224,,0.08
162,284,Directed,1225,,0.0954
162,288,Directed,1226,,0.1465
162,292,Directed,1227,,0.1215
162,293,Directed,1228,,0.1393
162,299,Directed,1229,,0.1136
162,301,Directed,1230,,0.1196
162,305,Directed,1231,,0.1249
162,306,Directed,1232,,0.1284
162,307,Directed,1233,,0.1317
162,310,Directed,1234,,0.1342
162,311,Directed,1235,,0.1369
162,321,Directed,1236,,0.2101
163,182,Directed,1237,,0.011
164,182,Directed,1238,,0.0128
165,201,Directed,1239,,0.021
166,167,Directed,1240,,0.0947
166,168,Directed,1241,,0.0104
166,169,Directed,1242,,0.0758
166,172,Directed,1243,,0.052
166,173,Directed,1244,,0.0114
166,174,Directed,1245,,0.1438
166,175,Directed,1246,,0.0195
166,176,Directed,1247,,0.1032
166,177,Directed,1248,,0.1399
166,181,Directed,1249,,0.0094
166,182,Directed,1250,,0.0746
166,183,Directed,1251,,0.0857
166,184,Directed,1252,,0.0158
166,197,Directed,1253,,0.0905
166,198,Directed,1254,,0.0431
166,201,Directed,1255,,0.0914
166,203,Directed,1256,,0.0898
166,206,Directed,1257,,0.0634
166,213,Directed,1258,,0.0808
166,216,Directed,1259,,0.0572
166,217,Directed,1260,,0.0991
166,219,Directed,1261,,0.0631
166,225,Directed,1262,,0.056
166,230,Directed,1263,,0.1295
166,232,Directed,1264,,0.0883
166,233,Directed,1265,,0.0461
166,242,Directed,1266,,0.0917
166,245,Directed,1267,,0.0869
166,246,Directed,1268,,0.0847
166,248,Directed,1269,,0.0886
166,250,Directed,1270,,0.0821
166,251,Directed,1271,,0.0883
166,253,Directed,1272,,0.0881
166,255,Directed,1273,,0.1195
166,258,Directed,1274,,0.0706
166,261,Directed,1275,,0.077
166,263,Directed,1276,,0.0919
166,274,Directed,1277,,0.0794
166,276,Directed,1278,,0.0766
166,288,Directed,1279,,0.0977
166,292,Directed,1280,,0.1196
166,293,Directed,1281,,0.1055
166,296,Directed,1282,,0.1085
166,297,Directed,1283,,0.1032
166,299,Directed,1284,,0.1618
166,301,Directed,1285,,0.1603
166,311,Directed,1286,,0.1832
166,313,Directed,1287,,0.3226
167,172,Directed,1288,,0.0431
167,174,Directed,1289,,0.0493
167,176,Directed,1290,,0.0105
167,179,Directed,1291,,0.0478
167,182,Directed,1292,,0.0227
167,189,Directed,1293,,0.015
167,191,Directed,1294,,0.0172
167,201,Directed,1295,,0.1848
167,217,Directed,1296,,0.0344
167,219,Directed,1297,,0.151
167,230,Directed,1298,,0.0509
167,232,Directed,1299,,0.0484
167,248,Directed,1300,,0.1726
167,255,Directed,1301,,0.0588
167,258,Directed,1302,,0.1441
167,261,Directed,1303,,0.0851
167,292,Directed,1304,,0.0951
167,293,Directed,1305,,0.1038
167,299,Directed,1306,,0.1108
167,301,Directed,1307,,0.1138
167,302,Directed,1308,,0.1143
167,307,Directed,1309,,0.128
167,310,Directed,1310,,0.1341
167,311,Directed,1311,,0.1365
168,248,Directed,1312,,0.08
168,258,Directed,1313,,0.0647
168,261,Directed,1314,,0.0818
169,183,Directed,1315,,0.012
169,197,Directed,1316,,0.0211
169,201,Directed,1317,,0.0222
169,203,Directed,1318,,0.0232
169,213,Directed,1319,,0.026
169,219,Directed,1320,,0.0402
169,246,Directed,1321,,0.0532
169,248,Directed,1322,,0.0536
169,258,Directed,1323,,0.0701
169,261,Directed,1324,,0.1319
169,263,Directed,1325,,0.0659
172,174,Directed,1326,,0.0919
172,176,Directed,1327,,0.0513
172,179,Directed,1328,,0.0901
172,182,Directed,1329,,0.0228
172,198,Directed,1330,,0.0209
172,201,Directed,1331,,0.1417
172,216,Directed,1332,,0.0302
172,217,Directed,1333,,0.0509
172,219,Directed,1334,,0.1085
172,225,Directed,1335,,0.0401
172,230,Directed,1336,,0.0802
172,232,Directed,1337,,0.0472
172,248,Directed,1338,,0.131
172,255,Directed,1339,,0.0752
172,258,Directed,1340,,0.1044
172,261,Directed,1341,,0.0623
172,263,Directed,1342,,0.1305
172,293,Directed,1343,,0.0891
172,299,Directed,1344,,0.1243
173,248,Directed,1345,,0.0774
173,261,Directed,1346,,0.0786
174,176,Directed,1347,,0.0407
174,177,Directed,1348,,0.0046
174,182,Directed,1349,,0.0698
174,201,Directed,1350,,0.2332
174,202,Directed,1351,,0.0162
174,204,Directed,1352,,0.0243
174,212,Directed,1353,,0.0219
174,217,Directed,1354,,0.0587
174,218,Directed,1355,,0.0338
174,219,Directed,1356,,0.1982
174,221,Directed,1357,,0.0333
174,230,Directed,1358,,0.0436
174,248,Directed,1359,,0.2183
174,255,Directed,1360,,0.0659
174,258,Directed,1361,,0.1882
174,261,Directed,1362,,0.1198
174,273,Directed,1363,,0.0712
174,284,Directed,1364,,0.0867
174,292,Directed,1365,,0.1117
174,293,Directed,1366,,0.1294
174,299,Directed,1367,,0.1053
174,301,Directed,1368,,0.1111
174,305,Directed,1369,,0.1164
174,306,Directed,1370,,0.1206
174,307,Directed,1371,,0.1234
174,310,Directed,1372,,0.1264
174,311,Directed,1373,,0.1291
174,321,Directed,1374,,0.2054
176,179,Directed,1375,,0.0388
176,182,Directed,1376,,0.0291
176,189,Directed,1377,,0.01
176,192,Directed,1378,,0.0096
176,201,Directed,1379,,0.1925
176,202,Directed,1380,,0.0402
176,212,Directed,1381,,0.0478
176,217,Directed,1382,,0.0297
176,218,Directed,1383,,0.0371
176,219,Directed,1384,,0.1579
176,221,Directed,1385,,0.0426
176,222,Directed,1386,,0.0311
176,230,Directed,1387,,0.0412
176,232,Directed,1388,,0.0468
176,233,Directed,1389,,0.1182
176,239,Directed,1390,,0.0564
176,248,Directed,1391,,0.1786
176,255,Directed,1392,,0.0516
176,256,Directed,1393,,0.0535
176,258,Directed,1394,,0.1493
176,261,Directed,1395,,0.0862
176,263,Directed,1396,,0.1762
176,271,Directed,1397,,0.0701
176,284,Directed,1398,,0.0831
176,292,Directed,1399,,0.0911
176,296,Directed,1400,,0.1048
176,299,Directed,1401,,0.1028
176,301,Directed,1402,,0.1064
176,305,Directed,1403,,0.1118
176,306,Directed,1404,,0.1204
176,307,Directed,1405,,0.1204
176,310,Directed,1406,,0.1261
176,311,Directed,1407,,0.1285
177,179,Directed,1408,,0.0022
177,182,Directed,1409,,0.0657
177,190,Directed,1410,,0.0092
177,201,Directed,1411,,0.229
177,202,Directed,1412,,0.0137
177,204,Directed,1413,,0.02
177,212,Directed,1414,,0.0206
177,218,Directed,1415,,0.03
177,230,Directed,1416,,0.0398
177,240,Directed,1417,,0.0627
177,248,Directed,1418,,0.2139
177,255,Directed,1419,,0.0618
177,258,Directed,1420,,0.1837
177,260,Directed,1421,,0.0592
177,261,Directed,1422,,0.1152
177,263,Directed,1423,,0.2108
177,273,Directed,1424,,0.0678
177,292,Directed,1425,,0.1075
177,293,Directed,1426,,0.125
177,299,Directed,1427,,0.1023
177,301,Directed,1428,,0.1079
177,310,Directed,1429,,0.1238
177,311,Directed,1430,,0.1264
177,321,Directed,1431,,0.2044
178,201,Directed,1432,,0.0171
179,182,Directed,1433,,0.0678
179,189,Directed,1434,,0.0448
179,217,Directed,1435,,0.0556
179,218,Directed,1436,,0.0302
179,221,Directed,1437,,0.0299
179,230,Directed,1438,,0.0401
179,232,Directed,1439,,0.0753
179,255,Directed,1440,,0.0624
179,260,Directed,1441,,0.0589
179,261,Directed,1442,,0.1167
179,292,Directed,1443,,0.1082
179,293,Directed,1444,,0.126
179,299,Directed,1445,,0.1019
179,301,Directed,1446,,0.1077
179,306,Directed,1447,,0.1173
179,307,Directed,1448,,0.1201
179,310,Directed,1449,,0.1232
179,311,Directed,1450,,0.1259
180,182,Directed,1451,,0.0095
181,182,Directed,1452,,0.073
181,188,Directed,1453,,0.005
181,219,Directed,1454,,0.0593
181,258,Directed,1455,,0.0634
181,261,Directed,1456,,0.0687
182,189,Directed,1457,,0.0241
182,191,Directed,1458,,0.0159
182,192,Directed,1459,,0.0301
182,195,Directed,1460,,0.0118
182,196,Directed,1461,,0.0133
182,198,Directed,1462,,0.0375
182,201,Directed,1463,,0.1634
182,203,Directed,1464,,0.1613
182,206,Directed,1465,,0.0211
182,207,Directed,1466,,0.0151
182,209,Directed,1467,,0.0261
182,211,Directed,1468,,0.0181
182,212,Directed,1469,,0.0743
182,216,Directed,1470,,0.0373
182,217,Directed,1471,,0.0313
182,219,Directed,1472,,0.1288
182,220,Directed,1473,,0.0327
182,221,Directed,1474,,0.065
182,222,Directed,1475,,0.0429
182,225,Directed,1476,,0.0489
182,226,Directed,1477,,0.0385
182,230,Directed,1478,,0.0586
182,232,Directed,1479,,0.0355
182,233,Directed,1480,,0.0901
182,239,Directed,1481,,0.0396
182,246,Directed,1482,,0.1458
182,248,Directed,1483,,0.15
182,250,Directed,1484,,0.1413
182,253,Directed,1485,,0.1483
182,255,Directed,1486,,0.0574
182,256,Directed,1487,,0.0529
182,258,Directed,1488,,0.1214
182,261,Directed,1489,,0.0655
182,263,Directed,1490,,0.1482
182,274,Directed,1491,,0.1225
182,284,Directed,1492,,0.0904
182,292,Directed,1493,,0.0837
182,293,Directed,1494,,0.0876
182,296,Directed,1495,,0.0905
182,297,Directed,1496,,0.0973
182,299,Directed,1497,,0.1088
182,301,Directed,1498,,0.1105
182,305,Directed,1499,,0.1155
182,306,Directed,1500,,0.1266
182,307,Directed,1501,,0.1246
182,310,Directed,1502,,0.1319
182,311,Directed,1503,,0.134
182,313,Directed,1504,,0.3823
182,321,Directed,1505,,0.2303
183,197,Directed,1506,,0.0099
183,201,Directed,1507,,0.011
183,203,Directed,1508,,0.0129
183,213,Directed,1509,,0.0208
183,219,Directed,1510,,0.0412
183,224,Directed,1511,,0.0338
183,245,Directed,1512,,0.0461
183,246,Directed,1513,,0.0489
183,248,Directed,1514,,0.0483
183,253,Directed,1515,,0.0516
183,258,Directed,1516,,0.0701
183,261,Directed,1517,,0.1369
183,263,Directed,1518,,0.0613
183,293,Directed,1519,,0.1575
184,255,Directed,1520,,0.1237
184,261,Directed,1521,,0.0738
184,293,Directed,1522,,0.1008
185,201,Directed,1523,,0.0088
186,192,Directed,1524,,0.0156
186,230,Directed,1525,,0.0304
189,192,Directed,1526,,0.0059
189,217,Directed,1527,,0.0202
189,230,Directed,1528,,0.0374
189,232,Directed,1529,,0.0369
189,255,Directed,1530,,0.0438
189,256,Directed,1531,,0.0444
189,261,Directed,1532,,0.0765
190,202,Directed,1533,,0.0083
190,230,Directed,1534,,0.0307
192,204,Directed,1535,,0.0246
192,217,Directed,1536,,0.0211
192,222,Directed,1537,,0.0215
192,255,Directed,1538,,0.042
193,201,Directed,1539,,0.0063
194,221,Directed,1540,,0.0207
195,207,Directed,1541,,0.0058
197,201,Directed,1542,,0.0011
197,213,Directed,1543,,0.0156
197,219,Directed,1544,,0.0392
197,245,Directed,1545,,0.0389
197,246,Directed,1546,,0.0422
197,248,Directed,1547,,0.041
197,250,Directed,1548,,0.0472
197,251,Directed,1549,,0.0427
197,253,Directed,1550,,0.0445
197,258,Directed,1551,,0.0662
197,261,Directed,1552,,0.1363
197,263,Directed,1553,,0.0541
198,206,Directed,1554,,0.021
198,216,Directed,1555,,0.0159
198,219,Directed,1556,,0.0915
198,232,Directed,1557,,0.0453
198,258,Directed,1558,,0.0845
198,261,Directed,1559,,0.0455
199,201,Directed,1560,,0.0072
199,213,Directed,1561,,0.0103
200,213,Directed,1562,,0.0093
201,203,Directed,1563,,0.0033
201,205,Directed,1564,,0.0099
201,213,Directed,1565,,0.0157
201,214,Directed,1566,,0.0103
201,217,Directed,1567,,0.1823
201,219,Directed,1568,,0.0395
201,224,Directed,1569,,0.0268
201,228,Directed,1570,,0.0244
201,230,Directed,1571,,0.2122
201,232,Directed,1572,,0.1667
201,233,Directed,1573,,0.0839
201,236,Directed,1574,,0.0278
201,242,Directed,1575,,0.0331
201,245,Directed,1576,,0.0385
201,246,Directed,1577,,0.0419
201,248,Directed,1578,,0.0406
201,250,Directed,1579,,0.047
201,251,Directed,1580,,0.0423
201,253,Directed,1581,,0.0441
201,255,Directed,1582,,0.1969
201,258,Directed,1583,,0.0662
201,261,Directed,1584,,0.1367
201,263,Directed,1585,,0.0536
201,276,Directed,1586,,0.0986
201,292,Directed,1587,,0.179
201,293,Directed,1588,,0.1558
201,299,Directed,1589,,0.2268
201,311,Directed,1590,,0.2423
201,313,Directed,1591,,0.2389
201,316,Directed,1592,,0.2359
201,318,Directed,1593,,0.2421
202,204,Directed,1594,,0.0136
202,212,Directed,1595,,0.0082
202,217,Directed,1596,,0.0495
202,221,Directed,1597,,0.0173
202,230,Directed,1598,,0.0287
202,255,Directed,1599,,0.0517
202,261,Directed,1600,,0.1097
203,219,Directed,1601,,0.0366
203,245,Directed,1602,,0.0353
203,246,Directed,1603,,0.0386
203,248,Directed,1604,,0.0373
203,250,Directed,1605,,0.0436
203,251,Directed,1606,,0.039
203,253,Directed,1607,,0.0408
203,258,Directed,1608,,0.0629
203,261,Directed,1609,,0.1338
203,263,Directed,1610,,0.0504
203,288,Directed,1611,,0.1407
203,293,Directed,1612,,0.1527
203,311,Directed,1613,,0.2392
204,218,Directed,1614,,0.0118
204,230,Directed,1615,,0.0208
205,213,Directed,1616,,0.0064
206,209,Directed,1617,,0.0058
206,239,Directed,1618,,0.0247
206,261,Directed,1619,,0.0456
208,258,Directed,1620,,0.0416
212,217,Directed,1621,,0.0539
212,221,Directed,1622,,0.0164
212,230,Directed,1623,,0.029
212,255,Directed,1624,,0.0521
212,261,Directed,1625,,0.1128
213,245,Directed,1626,,0.0255
213,246,Directed,1627,,0.0282
213,248,Directed,1628,,0.0279
213,253,Directed,1629,,0.0311
213,261,Directed,1630,,0.1213
213,263,Directed,1631,,0.0407
214,248,Directed,1632,,0.0308
215,230,Directed,1633,,0.0141
215,255,Directed,1634,,0.0289
216,225,Directed,1635,,0.0116
216,232,Directed,1636,,0.032
216,239,Directed,1637,,0.0234
216,255,Directed,1638,,0.0633
216,258,Directed,1639,,0.0862
216,261,Directed,1640,,0.0321
216,262,Directed,1641,,0.0324
216,293,Directed,1642,,0.0595
216,296,Directed,1643,,0.0627
217,218,Directed,1644,,0.0344
217,219,Directed,1645,,0.145
217,221,Directed,1646,,0.0403
217,222,Directed,1647,,0.014
217,230,Directed,1648,,0.0305
217,232,Directed,1649,,0.0197
217,239,Directed,1650,,0.0312
217,240,Directed,1651,,0.0142
217,248,Directed,1652,,0.1628
217,255,Directed,1653,,0.0263
217,256,Directed,1654,,0.0245
217,258,Directed,1655,,0.1315
217,261,Directed,1656,,0.0611
217,263,Directed,1657,,0.1586
217,271,Directed,1658,,0.0404
217,281,Directed,1659,,0.0525
217,283,Directed,1660,,0.058
217,284,Directed,1661,,0.0595
217,286,Directed,1662,,0.0541
217,292,Directed,1663,,0.0614
217,293,Directed,1664,,0.0734
217,296,Directed,1665,,0.0758
217,297,Directed,1666,,0.087
217,299,Directed,1667,,0.0784
217,301,Directed,1668,,0.0807
217,306,Directed,1669,,0.0963
217,307,Directed,1670,,0.095
217,310,Directed,1671,,0.1017
217,311,Directed,1672,,0.1039
217,321,Directed,1673,,0.1991
218,221,Directed,1674,,0.0062
218,230,Directed,1675,,0.0099
218,235,Directed,1676,,0.0118
218,249,Directed,1677,,0.0215
218,255,Directed,1678,,0.0327
218,261,Directed,1679,,0.0923
218,299,Directed,1680,,0.0735
219,230,Directed,1681,,0.1744
219,232,Directed,1682,,0.1286
219,233,Directed,1683,,0.0446
219,245,Directed,1684,,0.0243
219,246,Directed,1685,,0.023
219,248,Directed,1686,,0.0263
219,250,Directed,1687,,0.0227
219,253,Directed,1688,,0.0268
219,255,Directed,1689,,0.1582
219,258,Directed,1690,,0.0299
219,261,Directed,1691,,0.0972
219,263,Directed,1692,,0.0336
219,274,Directed,1693,,0.0436
219,276,Directed,1694,,0.0606
219,293,Directed,1695,,0.1165
219,297,Directed,1696,,0.1056
219,299,Directed,1697,,0.1873
219,301,Directed,1698,,0.1834
219,313,Directed,1699,,0.2595
220,226,Directed,1700,,0.0064
220,261,Directed,1701,,0.0331
221,230,Directed,1702,,0.0127
221,237,Directed,1703,,0.0197
221,243,Directed,1704,,0.0159
221,249,Directed,1705,,0.0219
221,252,Directed,1706,,0.021
221,255,Directed,1707,,0.0357
221,260,Directed,1708,,0.0291
221,261,Directed,1709,,0.0972
221,273,Directed,1710,,0.0379
221,284,Directed,1711,,0.0535
221,298,Directed,1712,,0.065
221,299,Directed,1713,,0.0722
221,300,Directed,1714,,0.0749
221,301,Directed,1715,,0.0779
221,305,Directed,1716,,0.0832
221,306,Directed,1717,,0.088
221,307,Directed,1718,,0.0905
221,310,Directed,1719,,0.094
221,311,Directed,1720,,0.0966
221,321,Directed,1721,,0.1789
221,322,Directed,1722,,0.1818
221,325,Directed,1723,,0.1877
222,230,Directed,1724,,0.0165
222,232,Directed,1725,,0.0314
222,255,Directed,1726,,0.0208
222,261,Directed,1727,,0.072
223,230,Directed,1728,,0.0084
223,255,Directed,1729,,0.0196
224,242,Directed,1730,,0.0104
224,261,Directed,1731,,0.1148
225,232,Directed,1732,,0.0389
225,255,Directed,1733,,0.0691
225,258,Directed,1734,,0.0757
225,261,Directed,1735,,0.0241
225,262,Directed,1736,,0.0246
225,293,Directed,1737,,0.053
225,296,Directed,1738,,0.0562
226,261,Directed,1739,,0.0271
227,230,Directed,1740,,0.017
228,236,Directed,1741,,0.0033
229,233,Directed,1742,,0.0251
229,254,Directed,1743,,0.0148
229,261,Directed,1744,,0.0325
229,262,Directed,1745,,0.0335
229,274,Directed,1746,,0.0555
230,232,Directed,1747,,0.046
230,234,Directed,1748,,0.0217
230,235,Directed,1749,,0.0108
230,237,Directed,1750,,0.0071
230,238,Directed,1751,,0.0174
230,239,Directed,1752,,0.0576
230,240,Directed,1753,,0.0301
230,243,Directed,1754,,0.0179
230,248,Directed,1755,,0.1911
230,249,Directed,1756,,0.0122
230,252,Directed,1757,,0.0179
230,255,Directed,1758,,0.0232
230,256,Directed,1759,,0.0335
230,258,Directed,1760,,0.1591
230,259,Directed,1761,,0.0184
230,260,Directed,1762,,0.0226
230,261,Directed,1763,,0.0849
230,263,Directed,1764,,0.186
230,272,Directed,1765,,0.0393
230,273,Directed,1766,,0.0295
230,281,Directed,1767,,0.0569
230,284,Directed,1768,,0.0453
230,286,Directed,1769,,0.0553
230,287,Directed,1770,,0.0491
230,288,Directed,1771,,0.0974
230,292,Directed,1772,,0.0688
230,293,Directed,1773,,0.0887
230,295,Directed,1774,,0.0532
230,297,Directed,1775,,0.1044
230,298,Directed,1776,,0.0577
230,299,Directed,1777,,0.0648
230,300,Directed,1778,,0.068
230,301,Directed,1779,,0.0697
230,305,Directed,1780,,0.0751
230,306,Directed,1781,,0.0816
230,307,Directed,1782,,0.083
230,310,Directed,1783,,0.0875
230,311,Directed,1784,,0.0901
230,321,Directed,1785,,0.1774
231,258,Directed,1786,,0.0164
232,239,Directed,1787,,0.0118
232,240,Directed,1788,,0.0169
232,248,Directed,1789,,0.1451
232,255,Directed,1790,,0.0313
232,256,Directed,1791,,0.0218
232,258,Directed,1792,,0.1133
232,261,Directed,1793,,0.0414
232,283,Directed,1794,,0.0435
232,285,Directed,1795,,0.047
232,288,Directed,1796,,0.06
232,292,Directed,1797,,0.0483
232,296,Directed,1798,,0.0582
232,297,Directed,1799,,0.0681
232,299,Directed,1800,,0.0771
232,301,Directed,1801,,0.0775
232,307,Directed,1802,,0.0915
232,310,Directed,1803,,0.0994
232,311,Directed,1804,,0.1013
233,248,Directed,1805,,0.0609
233,254,Directed,1806,,0.0277
233,255,Directed,1807,,0.1138
233,258,Directed,1808,,0.0315
233,261,Directed,1809,,0.0529
233,262,Directed,1810,,0.0539
233,263,Directed,1811,,0.0581
233,274,Directed,1812,,0.0355
233,275,Directed,1813,,0.0372
233,276,Directed,1814,,0.0309
233,293,Directed,1815,,0.075
233,296,Directed,1816,,0.0773
234,255,Directed,1817,,0.0139
237,255,Directed,1818,,0.0165
239,255,Directed,1819,,0.041
239,261,Directed,1820,,0.0302
239,262,Directed,1821,,0.0297
240,255,Directed,1822,,0.0152
240,256,Directed,1823,,0.0103
240,261,Directed,1824,,0.0549
241,261,Directed,1825,,0.0175
242,245,Directed,1826,,0.0078
242,248,Directed,1827,,0.0087
242,251,Directed,1828,,0.0104
242,261,Directed,1829,,0.117
244,248,Directed,1830,,0.0048
245,246,Directed,1831,,0.0041
245,248,Directed,1832,,0.0025
245,253,Directed,1833,,0.0056
245,258,Directed,1834,,0.0331
245,261,Directed,1835,,0.1093
245,263,Directed,1836,,0.0152
246,250,Directed,1837,,0.0059
246,253,Directed,1838,,0.0039
246,255,Directed,1839,,0.1689
246,258,Directed,1840,,0.029
246,261,Directed,1841,,0.1053
246,263,Directed,1842,,0.0128
246,293,Directed,1843,,0.1198
246,313,Directed,1844,,0.2387
247,261,Directed,1845,,0.0128
248,250,Directed,1846,,0.0097
248,253,Directed,1847,,0.0037
248,255,Directed,1848,,0.173
248,258,Directed,1849,,0.0329
248,261,Directed,1850,,0.1093
248,263,Directed,1851,,0.0131
248,274,Directed,1852,,0.0418
248,276,Directed,1853,,0.0645
248,292,Directed,1854,,0.1482
248,293,Directed,1855,,0.1233
248,299,Directed,1856,,0.1961
248,301,Directed,1857,,0.1914
248,311,Directed,1858,,0.2091
248,313,Directed,1859,,0.2347
248,316,Directed,1860,,0.2303
248,318,Directed,1861,,0.2349
248,331,Directed,1862,,0.5326
249,255,Directed,1863,,0.0171
249,259,Directed,1864,,0.007
249,260,Directed,1865,,0.0113
250,258,Directed,1866,,0.0232
250,261,Directed,1867,,0.0996
250,263,Directed,1868,,0.0109
250,274,Directed,1869,,0.0327
251,258,Directed,1870,,0.0314
251,261,Directed,1871,,0.1079
253,255,Directed,1872,,0.1703
253,258,Directed,1873,,0.0299
253,261,Directed,1874,,0.1064
253,263,Directed,1875,,0.0097
253,293,Directed,1876,,0.12
254,261,Directed,1877,,0.0255
254,262,Directed,1878,,0.0265
254,276,Directed,1879,,0.0292
254,288,Directed,1880,,0.0384
255,256,Directed,1881,,0.0118
255,258,Directed,1882,,0.1405
255,259,Directed,1883,,0.0128
255,260,Directed,1884,,0.0234
255,261,Directed,1885,,0.0646
255,263,Directed,1886,,0.167
255,265,Directed,1887,,0.0111
255,266,Directed,1888,,0.0403
255,267,Directed,1889,,0.0493
255,271,Directed,1890,,0.0315
255,272,Directed,1891,,0.0163
255,273,Directed,1892,,0.0219
255,276,Directed,1893,,0.1132
255,281,Directed,1894,,0.0342
255,283,Directed,1895,,0.0453
255,284,Directed,1896,,0.0332
255,286,Directed,1897,,0.0334
255,287,Directed,1898,,0.031
255,288,Directed,1899,,0.0748
255,289,Directed,1900,,0.0334
255,292,Directed,1901,,0.0458
255,293,Directed,1902,,0.0657
255,295,Directed,1903,,0.0394
255,296,Directed,1904,,0.0672
255,297,Directed,1905,,0.0816
255,298,Directed,1906,,0.046
255,299,Directed,1907,,0.0523
255,300,Directed,1908,,0.0564
255,301,Directed,1909,,0.0551
255,305,Directed,1910,,0.0605
255,306,Directed,1911,,0.0701
255,307,Directed,1912,,0.0692
255,310,Directed,1913,,0.0756
255,311,Directed,1914,,0.0779
255,313,Directed,1915,,0.3924
255,321,Directed,1916,,0.1729
255,322,Directed,1917,,0.1767
256,261,Directed,1918,,0.0528
256,267,Directed,1919,,0.0377
256,271,Directed,1920,,0.0208
256,272,Directed,1921,,0.0122
256,292,Directed,1922,,0.0385
256,296,Directed,1923,,0.0574
256,299,Directed,1924,,0.0563
257,261,Directed,1925,,0.0164
258,261,Directed,1926,,0.0765
258,263,Directed,1927,,0.0271
258,264,Directed,1928,,0.0151
258,274,Directed,1929,,0.0137
258,276,Directed,1930,,0.0327
258,288,Directed,1931,,0.0788
258,293,Directed,1932,,0.0911
258,296,Directed,1933,,0.0926
258,297,Directed,1934,,0.0784
258,299,Directed,1935,,0.1635
258,313,Directed,1936,,0.2609
259,273,Directed,1937,,0.0125
260,273,Directed,1938,,0.0095
260,284,Directed,1939,,0.0245
261,263,Directed,1940,,0.1026
261,266,Directed,1941,,0.0257
261,267,Directed,1942,,0.0169
261,268,Directed,1943,,0.0143
261,269,Directed,1944,,0.0127
261,270,Directed,1945,,0.0097
261,271,Directed,1946,,0.0358
261,273,Directed,1947,,0.0809
261,274,Directed,1948,,0.0712
261,275,Directed,1949,,0.0278
261,276,Directed,1950,,0.0487
261,277,Directed,1951,,0.0122
261,278,Directed,1952,,0.028
261,279,Directed,1953,,0.0229
261,280,Directed,1954,,0.0176
261,281,Directed,1955,,0.0495
261,282,Directed,1956,,0.0223
261,283,Directed,1957,,0.0375
261,284,Directed,1958,,0.0815
261,286,Directed,1959,,0.0553
261,288,Directed,1960,,0.025
261,290,Directed,1961,,0.0363
261,291,Directed,1962,,0.0328
261,292,Directed,1963,,0.0442
261,293,Directed,1964,,0.0291
261,294,Directed,1965,,0.032
261,296,Directed,1966,,0.0323
261,297,Directed,1967,,0.0329
261,299,Directed,1968,,0.0907
261,301,Directed,1969,,0.0876
261,303,Directed,1970,,0.049
261,304,Directed,1971,,0.0526
261,305,Directed,1972,,0.0905
261,306,Directed,1973,,0.1047
261,307,Directed,1974,,0.0987
261,308,Directed,1975,,0.0638
261,309,Directed,1976,,0.0645
261,310,Directed,1977,,0.1079
261,311,Directed,1978,,0.109
261,313,Directed,1979,,0.3292
261,321,Directed,1980,,0.2098
262,275,Directed,1981,,0.0286
262,276,Directed,1982,,0.0495
262,288,Directed,1983,,0.0248
262,292,Directed,1984,,0.0433
262,293,Directed,1985,,0.0285
262,296,Directed,1986,,0.0316
262,297,Directed,1987,,0.0327
263,276,Directed,1988,,0.0557
263,293,Directed,1989,,0.1143
263,311,Directed,1990,,0.1993
263,313,Directed,1991,,0.2344
266,267,Directed,1992,,0.0091
266,271,Directed,1993,,0.0102
266,272,Directed,1994,,0.0289
266,281,Directed,1995,,0.0261
266,286,Directed,1996,,0.0315
267,271,Directed,1997,,0.0191
267,281,Directed,1998,,0.033
267,283,Directed,1999,,0.0228
269,270,Directed,2000,,0.0035
271,281,Directed,2001,,0.018
271,283,Directed,2002,,0.0177
272,283,Directed,2003,,0.0295
273,284,Directed,2004,,0.0158
273,299,Directed,2005,,0.0353
273,322,Directed,2006,,0.1556
273,325,Directed,2007,,0.1612
274,293,Directed,2008,,0.082
275,276,Directed,2009,,0.0213
275,288,Directed,2010,,0.0278
275,296,Directed,2011,,0.0415
276,288,Directed,2012,,0.0465
276,293,Directed,2013,,0.0588
276,296,Directed,2014,,0.0601
276,297,Directed,2015,,0.0458
281,283,Directed,2016,,0.0149
281,286,Directed,2017,,0.0058
281,293,Directed,2018,,0.0368
283,293,Directed,2019,,0.022
284,286,Directed,2020,,0.028
284,293,Directed,2021,,0.0698
284,298,Directed,2022,,0.013
284,299,Directed,2023,,0.0198
284,300,Directed,2024,,0.0235
284,306,Directed,2025,,0.0373
284,311,Directed,2026,,0.0455
286,293,Directed,2027,,0.0419
286,299,Directed,2028,,0.0357
286,301,Directed,2029,,0.0337
287,299,Directed,2030,,0.0244
287,301,Directed,2031,,0.025
287,311,Directed,2032,,0.0486
288,293,Directed,2033,,0.0124
288,296,Directed,2034,,0.0138
288,297,Directed,2035,,0.0083
288,308,Directed,2036,,0.0389
290,293,Directed,2037,,0.0172
292,293,Directed,2038,,0.0259
292,296,Directed,2039,,0.0258
292,297,Directed,2040,,0.042
292,299,Directed,2041,,0.048
292,301,Directed,2042,,0.0439
292,310,Directed,2043,,0.0637
292,311,Directed,2044,,0.0647
293,296,Directed,2045,,0.0032
293,297,Directed,2046,,0.0165
293,299,Directed,2047,,0.073
293,301,Directed,2048,,0.0681
293,303,Directed,2049,,0.0238
293,305,Directed,2050,,0.0696
293,306,Directed,2051,,0.0838
293,307,Directed,2052,,0.0766
293,308,Directed,2053,,0.0378
293,309,Directed,2054,,0.0393
293,310,Directed,2055,,0.086
293,311,Directed,2056,,0.0865
296,297,Directed,2057,,0.0162
296,303,Directed,2058,,0.0212
296,308,Directed,2059,,0.0349
296,311,Directed,2060,,0.0848
297,308,Directed,2061,,0.0319
298,299,Directed,2062,,0.0072
298,300,Directed,2063,,0.0105
299,301,Directed,2064,,0.0076
299,305,Directed,2065,,0.0118
299,306,Directed,2066,,0.0178
299,307,Directed,2067,,0.0182
299,310,Directed,2068,,0.0234
299,311,Directed,2069,,0.0257
299,321,Directed,2070,,0.1232
299,322,Directed,2071,,0.1274
299,325,Directed,2072,,0.1326
300,301,Directed,2073,,0.0097
300,307,Directed,2074,,0.016
301,305,Directed,2075,,0.0055
301,306,Directed,2076,,0.0175
301,307,Directed,2077,,0.0142
301,310,Directed,2078,,0.0219
301,311,Directed,2079,,0.0237
301,321,Directed,2080,,0.124
302,310,Directed,2081,,0.0218
305,307,Directed,2082,,0.0092
305,311,Directed,2083,,0.0192
306,307,Directed,2084,,0.0086
306,310,Directed,2085,,0.0059
306,311,Directed,2086,,0.0086
307,310,Directed,2087,,0.0094
307,311,Directed,2088,,0.0103
310,311,Directed,2089,,0.0027
311,320,Directed,2090,,0.0968
311,321,Directed,2091,,0.1011
311,322,Directed,2092,,0.1057
311,324,Directed,2093,,0.1021
311,325,Directed,2094,,0.1105
312,313,Directed,2095,,0.0096
312,316,Directed,2096,,0.018
312,318,Directed,2097,,0.0272
313,314,Directed,2098,,0.0045
313,315,Directed,2099,,0.0072
313,316,Directed,2100,,0.0086
313,317,Directed,2101,,0.0071
313,318,Directed,2102,,0.0179
313,319,Directed,2103,,0.0212
313,326,Directed,2104,,0.0736
313,329,Directed,2105,,0.3011
313,331,Directed,2106,,0.3468
314,316,Directed,2107,,0.0042
314,317,Directed,2108,,0.0036
315,316,Directed,2109,,0.0013
315,317,Directed,2110,,0.0022
316,317,Directed,2111,,0.0028
316,318,Directed,2112,,0.0113
316,319,Directed,2113,,0.0133
318,319,Directed,2114,,0.0051
320,324,Directed,2115,,0.0054
321,322,Directed,2116,,0.0054
321,323,Directed,2117,,0.0061
321,324,Directed,2118,,0.005
321,325,Directed,2119,,0.0094
322,325,Directed,2120,,0.0061
327,328,Directed,2121,,0.0093
327,329,Directed,2122,,0.0163
327,330,Directed,2123,,0.0935
327,332,Directed,2124,,0.0013
328,329,Directed,2125,,0.007
329,330,Directed,2126,,0.0784
